maturity,signal,mean_forward,t_stat,p_value,count
2y,z<-2,-0.00934861788617884,-1.0415414579375948,0.299683932011458,123
2y,z>+2,0.020992637362637397,1.4713930605939582,0.14467286643881616,91
5y,z<-2,-0.022909934210526315,-2.635534939222892,0.009277270076845444,152
5y,z>+2,0.028079999999999983,1.9290385201208464,0.05671071144585124,96
10y,z<-2,-0.001610952380952398,-0.1957641767303515,0.8450327470998084,168
10y,z>+2,0.047120340909090896,3.197919464372182,0.0019309568624471672,88
